document,file_type,folder,path,size_kb
IER 2021.pdf,pdf,Employee satisfaction & engagement,Employee satisfaction & engagement\IER 2021.pdf,1805.35
IMR2022_CACEIS_GROUP_DATA_FR.pdf,pdf,Employee satisfaction & engagement,Employee satisfaction & engagement\IMR2022_CACEIS_GROUP_DATA_FR.pdf,1588.83
IMR2023_CACEIS_GROUP.pdf,pdf,Employee satisfaction & engagement,Employee satisfaction & engagement\IMR2023_CACEIS_GROUP.pdf,16037.79
IMR2024_CACEIS_GROUP.pdf,pdf,Employee satisfaction & engagement,Employee satisfaction & engagement\IMR2024_CACEIS_GROUP.pdf,9317.54
RESULTATS ENQUETE MANAGERS.pdf,pdf,Employee satisfaction & engagement,Employee satisfaction & engagement\RESULTATS ENQUETE MANAGERS.pdf,1089.35
TI2025_CACEIS_GROUP_fr.pdf,pdf,Employee satisfaction & engagement,Employee satisfaction & engagement\TI2025_CACEIS_GROUP_fr.pdf,9130.75
Baromètre Diversité et Inclusion CACEIS - France.pdf,pdf,Governance,Governance\Baromètre Diversité et Inclusion CACEIS - France.pdf,4193.81
Baromètre Diversité et Inclusion CACEIS - Luxembourg.pdf,pdf,Governance,Governance\Baromètre Diversité et Inclusion CACEIS - Luxembourg.pdf,4242.99
Be Generous 2025 synthèse.docx,docx,Governance,Governance\Be Generous 2025 synthèse.docx,386.51
Bilan FAB'Life 2024.pptx,pptx,Governance,Governance\Bilan FAB'Life 2024.pptx,11886.49
BILAN FAB'Life programme 2023.pptx,pptx,Governance,Governance\BILAN FAB'Life programme 2023.pptx,6211.99
Bilan Social 2023 VF.pdf,pdf,Governance,Governance\Bilan Social 2023 VF.pdf,2369.0
Bilan Social 2024 Luxembourg- VF final.pdf,pdf,Governance,Governance\Bilan Social 2024 Luxembourg- VF final.pdf,1836.59
Bilan Social 2024.pdf,pdf,Governance,Governance\Bilan Social 2024.pdf,1733.61
CACEIS HR Project ID Card_platform J'agis.pptx,pptx,Governance,Governance\CACEIS HR Project ID Card_platform J'agis.pptx,208.86
Diversity Month Wrap up 2025.pptx,pptx,Governance,Governance\Diversity Month Wrap up 2025.pptx,807.84
QVCT D&I Bilan 2025 VFinal.pptx,pptx,Governance,Governance\QVCT D&I Bilan 2025 VFinal.pptx,258.76
Slide achievements Diversity and Inclusion.pptx,pptx,Governance,Governance\Slide achievements Diversity and Inclusion.pptx,8363.94
Suivi accord mixité diversité QVT 2023 VF.pdf,pdf,Governance,Governance\Suivi accord mixité diversité QVT 2023 VF.pdf,1564.51
Suivi accord mixité diversité QVT 2024 vDef.pdf,pdf,Governance,Governance\Suivi accord mixité diversité QVT 2024 vDef.pdf,2486.21
