document,theme,keyword_count
IER 2021.pdf,engagement,60
IER 2021.pdf,learning,23
IER 2021.pdf,performance,16
IER 2021.pdf,governance,3
IMR2022_CACEIS_GROUP_DATA_FR.pdf,engagement,108
IMR2022_CACEIS_GROUP_DATA_FR.pdf,learning,38
IMR2022_CACEIS_GROUP_DATA_FR.pdf,performance,2
IMR2022_CACEIS_GROUP_DATA_FR.pdf,governance,16
RESULTATS ENQUETE MANAGERS.pdf,engagement,6
RESULTATS ENQUETE MANAGERS.pdf,wellbeing,2
RESULTATS ENQUETE MANAGERS.pdf,learning,12
RESULTATS ENQUETE MANAGERS.pdf,performance,2
RESULTATS ENQUETE MANAGERS.pdf,finance,2
Baromètre Diversité et Inclusion CACEIS - France.pdf,engagement,4
Baromètre Diversité et Inclusion CACEIS - France.pdf,inclusion,29
Baromètre Diversité et Inclusion CACEIS - France.pdf,performance,1
Baromètre Diversité et Inclusion CACEIS - Luxembourg.pdf,engagement,2
Baromètre Diversité et Inclusion CACEIS - Luxembourg.pdf,inclusion,30
Baromètre Diversité et Inclusion CACEIS - Luxembourg.pdf,performance,1
Bilan FAB'Life 2024.pptx,engagement,6
Bilan FAB'Life 2024.pptx,inclusion,4
Bilan FAB'Life 2024.pptx,performance,3
Bilan FAB'Life 2024.pptx,finance,1
BILAN FAB'Life programme 2023.pptx,engagement,1
BILAN FAB'Life programme 2023.pptx,wellbeing,2
BILAN FAB'Life programme 2023.pptx,learning,4
BILAN FAB'Life programme 2023.pptx,inclusion,2
BILAN FAB'Life programme 2023.pptx,performance,1
Bilan Social 2023 VF.pdf,wellbeing,2
Bilan Social 2023 VF.pdf,learning,5
Bilan Social 2023 VF.pdf,performance,1
Bilan Social 2023 VF.pdf,governance,2
Bilan Social 2023 VF.pdf,finance,1
Bilan Social 2024 Luxembourg- VF final.pdf,engagement,4
Bilan Social 2024 Luxembourg- VF final.pdf,wellbeing,8
Bilan Social 2024 Luxembourg- VF final.pdf,learning,2
Bilan Social 2024 Luxembourg- VF final.pdf,inclusion,5
Bilan Social 2024 Luxembourg- VF final.pdf,performance,1
Bilan Social 2024 Luxembourg- VF final.pdf,governance,6
Bilan Social 2024 Luxembourg- VF final.pdf,finance,2
Bilan Social 2024.pdf,wellbeing,2
Bilan Social 2024.pdf,learning,4
Bilan Social 2024.pdf,performance,1
Bilan Social 2024.pdf,governance,6
Bilan Social 2024.pdf,finance,1
CACEIS HR Project ID Card_platform J'agis.pptx,engagement,20
CACEIS HR Project ID Card_platform J'agis.pptx,learning,7
CACEIS HR Project ID Card_platform J'agis.pptx,inclusion,6
CACEIS HR Project ID Card_platform J'agis.pptx,performance,1
CACEIS HR Project ID Card_platform J'agis.pptx,governance,7
CACEIS HR Project ID Card_platform J'agis.pptx,finance,4
Diversity Month Wrap up 2025.pptx,wellbeing,1
Diversity Month Wrap up 2025.pptx,learning,9
Diversity Month Wrap up 2025.pptx,inclusion,26
Diversity Month Wrap up 2025.pptx,performance,1
Diversity Month Wrap up 2025.pptx,governance,2
Diversity Month Wrap up 2025.pptx,finance,1
QVCT D&I Bilan 2025 VFinal.pptx,engagement,2
QVCT D&I Bilan 2025 VFinal.pptx,inclusion,3
QVCT D&I Bilan 2025 VFinal.pptx,performance,1
Slide achievements Diversity and Inclusion.pptx,learning,3
Slide achievements Diversity and Inclusion.pptx,governance,1
Suivi accord mixité diversité QVT 2023 VF.pdf,engagement,20
Suivi accord mixité diversité QVT 2023 VF.pdf,wellbeing,11
Suivi accord mixité diversité QVT 2023 VF.pdf,learning,16
Suivi accord mixité diversité QVT 2023 VF.pdf,inclusion,1
Suivi accord mixité diversité QVT 2023 VF.pdf,performance,6
Suivi accord mixité diversité QVT 2023 VF.pdf,governance,4
Suivi accord mixité diversité QVT 2023 VF.pdf,finance,2
Suivi accord mixité diversité QVT 2024 vDef.pdf,engagement,22
Suivi accord mixité diversité QVT 2024 vDef.pdf,wellbeing,13
Suivi accord mixité diversité QVT 2024 vDef.pdf,learning,20
Suivi accord mixité diversité QVT 2024 vDef.pdf,inclusion,5
Suivi accord mixité diversité QVT 2024 vDef.pdf,performance,6
Suivi accord mixité diversité QVT 2024 vDef.pdf,governance,14
Suivi accord mixité diversité QVT 2024 vDef.pdf,finance,3
